user,acceso
user_anonimo,2023-03-03 06:01:16.139528
user_anonimo,2023-03-03 05:55:11.112813
user_anonimo,2023-03-03 05:54:55.101866
user_anonimo,2023-03-03 05:54:12.890034
user_anonimo,2023-03-03 05:53:49.920967
user_anonimo,2023-03-03 05:53:37.712913
user_anonimo,2023-03-03 05:53:10.978157
user_anonimo,2023-03-03 05:52:56.940164
user_anonimo,2023-03-03 05:52:54.374612
user_anonimo,2023-03-03 05:52:50.473663
user_anonimo,2023-03-03 05:52:41.285853
user_anonimo,2023-03-03 05:52:18.730423
user_anonimo,2023-03-03 05:52:14.242498
user_anonimo,2023-03-03 05:52:09.673925
user_anonimo,2023-03-03 05:51:56.941108
user_anonimo,2023-03-03 05:51:24.679892
user_anonimo,2023-03-03 05:51:06.401185
user_anonimo,2023-03-03 05:50:37.570460
user_anonimo,2023-03-03 05:50:30.832955
user_anonimo,2023-03-03 05:49:50.247222
user_anonimo,2023-03-03 05:49:34.598339
user_anonimo,2023-03-03 05:48:45.398260
user_anonimo,2023-03-03 05:47:38.176593
user_anonimo,2023-03-03 05:47:35.613209
user_anonimo,2023-03-03 05:47:33.810933
user_anonimo,2023-03-03 05:47:19.409451
user_anonimo,2023-03-03 05:46:32.704618
user_anonimo,2023-03-03 05:45:43.895810
user_anonimo,2023-03-03 05:45:27.082234
user_anonimo,2023-03-03 05:45:20.700272
user_anonimo,2023-03-03 05:45:02.146244
user_anonimo,2023-03-03 05:44:48.537854
user_anonimo,2023-03-03 05:44:32.326532
user_anonimo,2023-03-03 05:40:26.316730
user_anonimo,2023-03-03 05:39:22.126784
user_anonimo,2023-03-03 05:38:49.832379
user_anonimo,2023-03-03 05:38:25.444991
user_anonimo,2023-03-03 05:26:03.811138
user_anonimo,2023-03-03 05:25:51.167564
user_anonimo,2023-03-03 05:25:39.363966
user_anonimo,2023-03-03 05:25:25.071608
user_anonimo,2023-03-03 05:25:17.608021
user_anonimo,2023-03-03 05:25:07.908398
user_anonimo,2023-03-03 05:25:01.976891
user_anonimo,2023-03-03 05:24:53.936123
user_anonimo,2023-03-03 05:24:41.952594
user_anonimo,2023-03-03 05:24:30.594668
user_anonimo,2023-03-03 05:23:45.896123
user_anonimo,2023-03-03 05:23:36.686458
user_anonimo,2023-03-03 05:22:50.019498
user_anonimo,2023-03-03 05:22:46.005572
user_anonimo,2023-03-03 05:22:36.422596
user_anonimo,2023-03-03 05:22:14.298212
user_anonimo,2023-03-03 05:22:01.214759
user_anonimo,2023-03-03 05:20:46.349802
user_anonimo,2023-03-03 05:20:17.962807
user_anonimo,2023-03-03 05:19:38.089089
user_anonimo,2023-03-03 05:18:35.788059
user_anonimo,2023-03-03 05:18:25.743903
user_anonimo,2023-03-03 05:17:54.435527
user_anonimo,2023-03-03 05:17:07.864550
user_anonimo,2023-03-03 05:16:51.929872
user_anonimo,2023-03-03 05:15:39.082350
user_anonimo,2023-03-03 05:15:23.982064
user_anonimo,2023-03-03 05:14:44.630883
user_anonimo,2023-03-03 05:14:12.792488
user_anonimo,2023-03-03 05:13:22.810760
user_anonimo,2023-03-03 05:13:08.923149
user_anonimo,2023-03-03 05:12:28.400725
user_anonimo,2023-03-03 05:11:36.401617
user_anonimo,2023-03-03 05:09:50.236828
user_anonimo,2023-03-03 05:09:18.594560
user_anonimo,2023-03-03 05:09:01.328952
user_anonimo,2023-03-03 05:08:50.636028
user_anonimo,2023-03-03 05:08:37.283719
user_anonimo,2023-03-03 05:08:17.737190
user_anonimo,2023-03-03 05:08:11.153017
user_anonimo,2023-03-03 05:07:49.062386
user_anonimo,2023-03-03 05:06:37.307737
user_anonimo,2023-03-03 05:05:07.404789
user_anonimo,2023-03-03 05:02:21.328103
user_anonimo,2023-03-03 05:01:46.230920
user_anonimo,2023-03-03 05:01:18.498261
user_anonimo,2023-03-03 04:59:37.815394
user_anonimo,2023-03-03 04:56:26.503048
user_anonimo,2023-03-03 04:55:53.493799
user_anonimo,2023-03-03 04:55:17.555555
user_anonimo,2023-03-03 04:53:46.310939
user_anonimo,2023-03-03 04:53:12.442030
user_anonimo,2023-03-03 04:48:15.494182
user_anonimo,2023-03-03 04:46:49.512258
user_anonimo,2023-03-03 04:44:47.480406
user_anonimo,2023-03-03 04:36:20.112669
user_anonimo,2023-03-03 04:35:27.569816
user_anonimo,2023-03-03 04:35:22.731205
user_anonimo,2023-03-03 04:34:47.847948
user_anonimo,2023-03-03 04:34:30.782912
user_anonimo,2023-03-03 04:32:33.042579
